{
	"info": {
		"_postman_id": "60f23775-8d9f-480a-b0c7-a4074b523886",
		"name": "Destiny HTTP History Query API",
		"description": "# Introduction\n\nWelcome to the History Query API documentation. This API provides the means \nto gain access to historically captured telemetry, trip and summary data for all \nthe vehicles and units available to you.\n\nThe API uses the same authentication as the regular HTTP API and therefore does\nnot require a separate login request.\n\n# Request URL Instructions\n\nArguments within the queries are indicated with curly braces (`{` and `}`) but the\ncurly braces should not be included, for example, if the example looks like this:\n\n```\napi/v1/history/telemetry/unit/{unit_id}/date/{date}/from/{from}/to/{to}\n```\n\nthen the actual request will look something like this:\n\n```\napi/v1/history/telemetry/unit/1/date/2021-04-30/from/08:00:00/to/17:00:00\n```\n\n# Common URL Arguments\n\n* `unit_id`: A particular unit's database id.\n* `vehicle_id`: A particular vehicle's database id (usually with an accompanying \n  `assigned_as` argument).\n* `assigned_as`: A string indicating the `primary`, `backup_1` or `backup_2` unit\n  that is assigned to the vehicle.\n* `client_id`: A particular client's database id.\n* `group_id`: Either a vehicle group's or unit group's database id.  \n* `from_date`: A particular date in the format `YYYY-MM-DD` (e.g. `2020-04-30`)\n* `to_date`: A particular date in the format `YYYY-MM-DD` (e.g. `2020-04-30`)\n* `from_time`: A time in a 24-hour format `HH:MM:SS` (e.g. `17:30:45`).\n* `to_time`: A time in a 24-hour format `HH:MM:SS` (e.g. `17:30:45`).\n\n# Request Results\n\nThese results are returned in the same format as regular HTTP API GET requests, for\nexample:\n\n```json\n{\n  \"data\": []\n}\n```",
		"schema": "https://schema.getpostman.com/json/collection/v2.1.0/collection.json"
	},
	"item": [
		{
			"name": "Vehicle History",
			"item": [
				{
					"name": "Get Vehicle Trip History (All)",
					"request": {
						"method": "GET",
						"header": [
							{
								"key": "Content-Type",
								"value": "application/json",
								"type": "text"
							}
						],
						"url": {
							"raw": "{{http}}://{{domain}}/api/v1/history/trips/vehicle/{{vehicle_id}}/primary/date/{{from_date}}/all",
							"protocol": "{{http}}",
							"host": [
								"{{domain}}"
							],
							"path": [
								"api",
								"v1",
								"history",
								"trips",
								"vehicle",
								"{{vehicle_id}}",
								"primary",
								"date",
								"{{from_date}}",
								"all"
							]
						}
					},
					"response": []
				},
				{
					"name": "Get Vehicle Trip History (First)",
					"request": {
						"method": "GET",
						"header": [],
						"url": {
							"raw": "{{http}}://{{domain}}/api/v1/history/trips/vehicle/{{vehicle_id}}/primary/date/{{from_date}}/all",
							"protocol": "{{http}}",
							"host": [
								"{{domain}}"
							],
							"path": [
								"api",
								"v1",
								"history",
								"trips",
								"vehicle",
								"{{vehicle_id}}",
								"primary",
								"date",
								"{{from_date}}",
								"all"
							],
							"query": [
								{
									"key": "",
									"value": "",
									"disabled": true
								}
							]
						}
					},
					"response": []
				},
				{
					"name": "Get Vehicle Trip History (Last)",
					"request": {
						"method": "GET",
						"header": [],
						"url": {
							"raw": "{{http}}://{{domain}}/api/v1/history/trips/vehicle/{{vehicle_id}}/primary/date/{{from_date}}/last",
							"protocol": "{{http}}",
							"host": [
								"{{domain}}"
							],
							"path": [
								"api",
								"v1",
								"history",
								"trips",
								"vehicle",
								"{{vehicle_id}}",
								"primary",
								"date",
								"{{from_date}}",
								"last"
							],
							"query": [
								{
									"key": "",
									"value": "",
									"disabled": true
								}
							]
						}
					},
					"response": []
				},
				{
					"name": "Get Vehicle Telemetry (All)",
					"request": {
						"method": "GET",
						"header": [],
						"url": {
							"raw": "{{http}}://{{domain}}/api/v1/history/telemetry/vehicle/{{vehicle_id}}/primary/date/{{from_date}}?_fields=gps.local_time,gps.timestamp,gps.latitude,gps.longitude,gps.speed,gps.heading",
							"protocol": "{{http}}",
							"host": [
								"{{domain}}"
							],
							"path": [
								"api",
								"v1",
								"history",
								"telemetry",
								"vehicle",
								"{{vehicle_id}}",
								"primary",
								"date",
								"{{from_date}}"
							],
							"query": [
								{
									"key": "_fields",
									"value": "gps.local_time,gps.timestamp,gps.latitude,gps.longitude,gps.speed,gps.heading"
								}
							]
						}
					},
					"response": []
				},
				{
					"name": "Get Vehicle Telemetry (Period)",
					"request": {
						"method": "GET",
						"header": [],
						"url": {
							"raw": "{{http}}://{{domain}}/api/v1/history/telemetry/vehicle/{{vehicle_id}}/primary/period/from/{{from_date}}/time/{{from_time}}/to/{{to_date}}/time/{{to_time}}?_fields=gps.local_time,gps.timestamp,gps.latitude,gps.longitude,gps.speed,gps.heading",
							"protocol": "{{http}}",
							"host": [
								"{{domain}}"
							],
							"path": [
								"api",
								"v1",
								"history",
								"telemetry",
								"vehicle",
								"{{vehicle_id}}",
								"primary",
								"period",
								"from",
								"{{from_date}}",
								"time",
								"{{from_time}}",
								"to",
								"{{to_date}}",
								"time",
								"{{to_time}}"
							],
							"query": [
								{
									"key": "_fields",
									"value": "gps.local_time,gps.timestamp,gps.latitude,gps.longitude,gps.speed,gps.heading"
								}
							]
						}
					},
					"response": []
				},
				{
					"name": "Get Vehicle Trip Telemetry (Time Range)",
					"request": {
						"method": "GET",
						"header": [],
						"url": {
							"raw": "{{http}}://{{domain}}/api/v1/history/trips/telemetry/vehicle/{{vehicle_id}}/primary/date/{{from_date}}/from/{{from_time}}/to/{{to_time}}?_fields=gps.local_time,gps.timestamp,gps.latitude,gps.longitude,gps.speed,gps.heading",
							"protocol": "{{http}}",
							"host": [
								"{{domain}}"
							],
							"path": [
								"api",
								"v1",
								"history",
								"trips",
								"telemetry",
								"vehicle",
								"{{vehicle_id}}",
								"primary",
								"date",
								"{{from_date}}",
								"from",
								"{{from_time}}",
								"to",
								"{{to_time}}"
							],
							"query": [
								{
									"key": "_fields",
									"value": "gps.local_time,gps.timestamp,gps.latitude,gps.longitude,gps.speed,gps.heading"
								}
							]
						}
					},
					"response": []
				},
				{
					"name": "Get Vehicle Trip Telemetry (Period)",
					"request": {
						"method": "GET",
						"header": [],
						"url": {
							"raw": "{{http}}://{{domain}}/api/v1/history/trips/telemetry/vehicle/{{vehicle_id}}/primary/period/from/{{from_date}}/time/{{from_time}}/to/{{to_date}}/time/{{to_time}}?_fields=gps.local_time,gps.timestamp,gps.latitude,gps.longitude,gps.speed,gps.heading",
							"protocol": "{{http}}",
							"host": [
								"{{domain}}"
							],
							"path": [
								"api",
								"v1",
								"history",
								"trips",
								"telemetry",
								"vehicle",
								"{{vehicle_id}}",
								"primary",
								"period",
								"from",
								"{{from_date}}",
								"time",
								"{{from_time}}",
								"to",
								"{{to_date}}",
								"time",
								"{{to_time}}"
							],
							"query": [
								{
									"key": "_fields",
									"value": "gps.local_time,gps.timestamp,gps.latitude,gps.longitude,gps.speed,gps.heading"
								}
							]
						}
					},
					"response": []
				},
				{
					"name": "Get Vehicle Trip Telemetry By Date",
					"request": {
						"method": "GET",
						"header": [],
						"url": {
							"raw": "{{http}}://{{domain}}/api/v1/history/trips/telemetry/vehicle/{{vehicle_id}}/primary/date/{{from_date}}?_fields=gps.local_time,gps.timestamp,gps.latitude,gps.longitude,gps.speed,gps.heading",
							"protocol": "{{http}}",
							"host": [
								"{{domain}}"
							],
							"path": [
								"api",
								"v1",
								"history",
								"trips",
								"telemetry",
								"vehicle",
								"{{vehicle_id}}",
								"primary",
								"date",
								"{{from_date}}"
							],
							"query": [
								{
									"key": "_fields",
									"value": "gps.local_time,gps.timestamp,gps.latitude,gps.longitude,gps.speed,gps.heading"
								}
							]
						}
					},
					"response": []
				},
				{
					"name": "Get Vehicle Telemetry (Time Range)",
					"request": {
						"method": "GET",
						"header": [],
						"url": {
							"raw": "{{http}}://{{domain}}/api/v1/history/telemetry/vehicle/{{vehicle_id}}/primary/date/{{from_date}}/from/{{from_time}}/to/{{to_time}}?_fields=gps.local_time,gps.timestamp,gps.latitude,gps.longitude,gps.speed,gps.heading",
							"protocol": "{{http}}",
							"host": [
								"{{domain}}"
							],
							"path": [
								"api",
								"v1",
								"history",
								"telemetry",
								"vehicle",
								"{{vehicle_id}}",
								"primary",
								"date",
								"{{from_date}}",
								"from",
								"{{from_time}}",
								"to",
								"{{to_time}}"
							],
							"query": [
								{
									"key": "_fields",
									"value": "gps.local_time,gps.timestamp,gps.latitude,gps.longitude,gps.speed,gps.heading"
								},
								{
									"key": "",
									"value": "",
									"disabled": true
								}
							]
						}
					},
					"response": []
				},
				{
					"name": "Get Vehicle Daily Summary",
					"request": {
						"method": "GET",
						"header": [],
						"url": {
							"raw": "{{http}}://{{domain}}/api/v1/history/summary/vehicle/{{vehicle_id}}/primary/from/{{from_date}}/to/{{to_date}}",
							"protocol": "{{http}}",
							"host": [
								"{{domain}}"
							],
							"path": [
								"api",
								"v1",
								"history",
								"summary",
								"vehicle",
								"{{vehicle_id}}",
								"primary",
								"from",
								"{{from_date}}",
								"to",
								"{{to_date}}"
							]
						}
					},
					"response": []
				}
			]
		},
		{
			"name": "Unit History",
			"item": [
				{
					"name": "Get Unit Trip History (All)",
					"request": {
						"method": "GET",
						"header": [],
						"url": {
							"raw": "{{http}}://{{domain}}/api/v1/history/trips/unit/{{unit_id}}/date/{{from_date}}/all",
							"protocol": "{{http}}",
							"host": [
								"{{domain}}"
							],
							"path": [
								"api",
								"v1",
								"history",
								"trips",
								"unit",
								"{{unit_id}}",
								"date",
								"{{from_date}}",
								"all"
							],
							"query": [
								{
									"key": "",
									"value": "",
									"disabled": true
								}
							]
						}
					},
					"response": []
				},
				{
					"name": "Get Unit Trip History (First)",
					"request": {
						"method": "GET",
						"header": [],
						"url": {
							"raw": "{{http}}://{{domain}}/api/v1/history/trips/unit/{{unit_id}}/date/{{from_date}}/first",
							"protocol": "{{http}}",
							"host": [
								"{{domain}}"
							],
							"path": [
								"api",
								"v1",
								"history",
								"trips",
								"unit",
								"{{unit_id}}",
								"date",
								"{{from_date}}",
								"first"
							]
						}
					},
					"response": []
				},
				{
					"name": "Get Unit Trip History (Last)",
					"request": {
						"method": "GET",
						"header": [],
						"url": {
							"raw": "{{http}}://{{domain}}/api/v1/history/trips/unit/{{unit_id}}/date/{{from_date}}/last",
							"protocol": "{{http}}",
							"host": [
								"{{domain}}"
							],
							"path": [
								"api",
								"v1",
								"history",
								"trips",
								"unit",
								"{{unit_id}}",
								"date",
								"{{from_date}}",
								"last"
							]
						}
					},
					"response": []
				},
				{
					"name": "Get Unit Telemetry (All)",
					"request": {
						"method": "GET",
						"header": [],
						"url": {
							"raw": "{{http}}://{{domain}}/api/v1/history/telemetry/unit/{{unit_id}}/date/{{from_date}}?_fields=gps.local_time,gps.speed,events",
							"protocol": "{{http}}",
							"host": [
								"{{domain}}"
							],
							"path": [
								"api",
								"v1",
								"history",
								"telemetry",
								"unit",
								"{{unit_id}}",
								"date",
								"{{from_date}}"
							],
							"query": [
								{
									"key": "_fields",
									"value": "gps.local_time,gps.speed,events"
								}
							]
						}
					},
					"response": []
				},
				{
					"name": "Get Unit Trip Telemetry (Time Range)",
					"request": {
						"method": "GET",
						"header": [],
						"url": {
							"raw": "{{http}}://{{domain}}/api/v1/history/trips/telemetry/unit/{{unit_id}}/date/{{from_date}}/from/{{from_time}}/to/{{to_time}}?_fields=gps.local_time,gps.timestamp,gps.latitude,gps.longitude,gps.speed,gps.heading",
							"protocol": "{{http}}",
							"host": [
								"{{domain}}"
							],
							"path": [
								"api",
								"v1",
								"history",
								"trips",
								"telemetry",
								"unit",
								"{{unit_id}}",
								"date",
								"{{from_date}}",
								"from",
								"{{from_time}}",
								"to",
								"{{to_time}}"
							],
							"query": [
								{
									"key": "_fields",
									"value": "gps.local_time,gps.timestamp,gps.latitude,gps.longitude,gps.speed,gps.heading"
								}
							]
						}
					},
					"response": []
				},
				{
					"name": "Get Unit Telemetry (Period)",
					"request": {
						"method": "GET",
						"header": [],
						"url": {
							"raw": "{{http}}://{{domain}}/api/v1/history/telemetry/unit/{{unit_id}}/period/from/{{from_date}}/time/{{from_time}}/to/{{to_date}}/time/{{to_time}}?_fields=gps.local_time,gps.timestamp,gps.latitude,gps.longitude,gps.speed,gps.heading",
							"protocol": "{{http}}",
							"host": [
								"{{domain}}"
							],
							"path": [
								"api",
								"v1",
								"history",
								"telemetry",
								"unit",
								"{{unit_id}}",
								"period",
								"from",
								"{{from_date}}",
								"time",
								"{{from_time}}",
								"to",
								"{{to_date}}",
								"time",
								"{{to_time}}"
							],
							"query": [
								{
									"key": "_fields",
									"value": "gps.local_time,gps.timestamp,gps.latitude,gps.longitude,gps.speed,gps.heading"
								}
							]
						}
					},
					"response": []
				},
				{
					"name": "Get Unit Trip Telemetry (Period)",
					"request": {
						"method": "GET",
						"header": [],
						"url": {
							"raw": "{{http}}://{{domain}}/api/v1/history/trips/telemetry/unit/{{unit_id}}/period/from/{{from_date}}/time/{{from_time}}/to/{{to_date}}/time/{{to_time}}?_fields=gps.local_time,gps.timestamp,gps.latitude,gps.longitude,gps.speed,gps.heading",
							"protocol": "{{http}}",
							"host": [
								"{{domain}}"
							],
							"path": [
								"api",
								"v1",
								"history",
								"trips",
								"telemetry",
								"unit",
								"{{unit_id}}",
								"period",
								"from",
								"{{from_date}}",
								"time",
								"{{from_time}}",
								"to",
								"{{to_date}}",
								"time",
								"{{to_time}}"
							],
							"query": [
								{
									"key": "_fields",
									"value": "gps.local_time,gps.timestamp,gps.latitude,gps.longitude,gps.speed,gps.heading"
								}
							]
						}
					},
					"response": []
				},
				{
					"name": "Get Unit Trip Telemetry By Date",
					"request": {
						"method": "GET",
						"header": [],
						"url": {
							"raw": "{{http}}://{{domain}}/api/v1/history/trips/telemetry/unit/{{unit_id}}/date/{{from_date}}?_fields=gps.local_time,gps.timestamp,gps.latitude,gps.longitude,gps.speed,gps.heading",
							"protocol": "{{http}}",
							"host": [
								"{{domain}}"
							],
							"path": [
								"api",
								"v1",
								"history",
								"trips",
								"telemetry",
								"unit",
								"{{unit_id}}",
								"date",
								"{{from_date}}"
							],
							"query": [
								{
									"key": "_fields",
									"value": "gps.local_time,gps.timestamp,gps.latitude,gps.longitude,gps.speed,gps.heading"
								}
							]
						}
					},
					"response": []
				},
				{
					"name": "Get Unit Telemetry (Time Ranged)",
					"event": [
						{
							"listen": "prerequest",
							"script": {
								"exec": [
									""
								],
								"type": "text/javascript"
							}
						}
					],
					"request": {
						"method": "GET",
						"header": [],
						"url": {
							"raw": "{{http}}://{{domain}}/api/v1/history/telemetry/unit/{{unit_id}}/date/{{from_date}}/from/{{from_time}}/to/{{to_time}}?_fields=gps.local_time,gps.timestamp,gps.latitude,gps.longitude,gps.speed,gps.heading",
							"protocol": "{{http}}",
							"host": [
								"{{domain}}"
							],
							"path": [
								"api",
								"v1",
								"history",
								"telemetry",
								"unit",
								"{{unit_id}}",
								"date",
								"{{from_date}}",
								"from",
								"{{from_time}}",
								"to",
								"{{to_time}}"
							],
							"query": [
								{
									"key": "_fields",
									"value": "gps.local_time,gps.timestamp,gps.latitude,gps.longitude,gps.speed,gps.heading"
								}
							]
						}
					},
					"response": []
				},
				{
					"name": "Get Unit Daily History",
					"request": {
						"method": "GET",
						"header": [],
						"url": {
							"raw": "{{http}}://{{domain}}/api/v1/history/summary/unit/{{unit_id}}/from/{{from_date}}/to/{{to_date}}",
							"protocol": "{{http}}",
							"host": [
								"{{domain}}"
							],
							"path": [
								"api",
								"v1",
								"history",
								"summary",
								"unit",
								"{{unit_id}}",
								"from",
								"{{from_date}}",
								"to",
								"{{to_date}}"
							]
						}
					},
					"response": []
				},
				{
					"name": "Get Unit Comms Status History (By Client)",
					"request": {
						"method": "GET",
						"header": [],
						"url": {
							"raw": "{{http}}://{{domain}}/api/v1/history/comms-history/units/by-client/{{client_id}}/from/{{from_date}}/to/{{to_date}}",
							"protocol": "{{http}}",
							"host": [
								"{{domain}}"
							],
							"path": [
								"api",
								"v1",
								"history",
								"comms-history",
								"units",
								"by-client",
								"{{client_id}}",
								"from",
								"{{from_date}}",
								"to",
								"{{to_date}}"
							]
						},
						"description": "Requests the daily recordings of unit communications for a specific client and between two dates. The returned data contains 10 minute intervals of the total number of units active, inactive, offline or that have never communicated to the server at that point in time.\n\n*Note: The from_date and to_date parameters must be UTC based.*"
					},
					"response": []
				},
				{
					"name": "Get Unit Comms Status History (By Agency)",
					"request": {
						"method": "GET",
						"header": [],
						"url": {
							"raw": "{{http}}://{{domain}}/api/v1/history/comms-history/units/by-agency/{{client_id}}/from/{{from_date}}/to/{{to_date}}",
							"protocol": "{{http}}",
							"host": [
								"{{domain}}"
							],
							"path": [
								"api",
								"v1",
								"history",
								"comms-history",
								"units",
								"by-agency",
								"{{client_id}}",
								"from",
								"{{from_date}}",
								"to",
								"{{to_date}}"
							]
						},
						"description": "Requests the daily recordings of unit communications for a specific agency and between two dates. The returned data contains 10 minute intervals of the total number of units active, inactive, offline or that have never communicated to the server at that point in time.\n\n*Note: The from_date and to_date parameters must be UTC based.*"
					},
					"response": []
				},
				{
					"name": "Get Unit Comms Status History (By Partner)",
					"request": {
						"method": "GET",
						"header": [],
						"url": {
							"raw": "{{http}}://{{domain}}/api/v1/history/comms-history/units/by-partner/{{client_id}}/from/{{from_date}}/to/{{to_date}}",
							"protocol": "{{http}}",
							"host": [
								"{{domain}}"
							],
							"path": [
								"api",
								"v1",
								"history",
								"comms-history",
								"units",
								"by-partner",
								"{{client_id}}",
								"from",
								"{{from_date}}",
								"to",
								"{{to_date}}"
							]
						},
						"description": "Requests the daily recordings of unit communications for a specific partner and between two dates. The returned data contains 10 minute intervals of the total number of units active, inactive, offline or that have never communicated to the server at that point in time.\n\n*Note: The from_date and to_date parameters must be UTC based.*"
					},
					"response": []
				},
				{
					"name": "Get Unit Comms Status History Totals",
					"request": {
						"method": "GET",
						"header": [],
						"url": {
							"raw": "{{http}}://{{domain}}/api/v1/history/comms-history/units/totals/from/{{from_date}}/to/{{to_date}}?XDEBUG_SESSION_START=PHPSTORM",
							"protocol": "{{http}}",
							"host": [
								"{{domain}}"
							],
							"path": [
								"api",
								"v1",
								"history",
								"comms-history",
								"units",
								"totals",
								"from",
								"{{from_date}}",
								"to",
								"{{to_date}}"
							],
							"query": [
								{
									"key": "XDEBUG_SESSION_START",
									"value": "PHPSTORM"
								}
							]
						},
						"description": "Requests the daily recordings of unit communications between two dates. The returned data contains 10 minute intervals of the total number of units active, inactive, offline or that have never communicated to the server at that point in time.\n\n*Note: The from_date and to_date parameters must be UTC based.*"
					},
					"response": []
				},
				{
					"name": "Get Unit Comms Status History Since (By Client)",
					"request": {
						"method": "GET",
						"header": [],
						"url": {
							"raw": "{{http}}://{{domain}}/api/v1/history/comms-history/units/by-client/{{client_id}}/since/date/{{from_date}}/time/{{from_time}}",
							"protocol": "{{http}}",
							"host": [
								"{{domain}}"
							],
							"path": [
								"api",
								"v1",
								"history",
								"comms-history",
								"units",
								"by-client",
								"{{client_id}}",
								"since",
								"date",
								"{{from_date}}",
								"time",
								"{{from_time}}"
							]
						},
						"description": "Requests the daily recordings of unit communications for a specific client since a given date and time. The returned data contains 10 minute intervals of the total number of units active, inactive, offline or that have never communicated to the server at that point in time.\n\n*Note: The from_date and to_date parameters must be UTC based.*"
					},
					"response": []
				},
				{
					"name": "Get Unit Comms Status History Since (By Agency)",
					"request": {
						"method": "GET",
						"header": [],
						"url": {
							"raw": "{{http}}://{{domain}}/api/v1/history/comms-history/units/by-agency/{{client_id}}/since/date/{{from_date}}/time/{{from_time}}",
							"protocol": "{{http}}",
							"host": [
								"{{domain}}"
							],
							"path": [
								"api",
								"v1",
								"history",
								"comms-history",
								"units",
								"by-agency",
								"{{client_id}}",
								"since",
								"date",
								"{{from_date}}",
								"time",
								"{{from_time}}"
							]
						},
						"description": "Requests the daily recordings of unit communications for a specific agency since a given date and time. The returned data contains 10 minute intervals of the total number of units active, inactive, offline or that have never communicated to the server at that point in time.\n\n*Note: The from_date and to_date parameters must be UTC based.*"
					},
					"response": []
				},
				{
					"name": "Get Unit Comms Status History Since (By Partner)",
					"request": {
						"method": "GET",
						"header": [],
						"url": {
							"raw": "{{http}}://{{domain}}/api/v1/history/comms-history/units/by-partner/{{client_id}}/since/date/{{from_date}}/time/{{from_time}}",
							"protocol": "{{http}}",
							"host": [
								"{{domain}}"
							],
							"path": [
								"api",
								"v1",
								"history",
								"comms-history",
								"units",
								"by-partner",
								"{{client_id}}",
								"since",
								"date",
								"{{from_date}}",
								"time",
								"{{from_time}}"
							]
						},
						"description": "Requests the daily recordings of unit communications for a specific partner since a given date and time. The returned data contains 10 minute intervals of the total number of units active, inactive, offline or that have never communicated to the server at that point in time.\n\n*Note: The from_date and to_date parameters must be UTC based.*"
					},
					"response": []
				},
				{
					"name": "Get Unit Comms Status History (Since) Totals",
					"request": {
						"method": "GET",
						"header": [],
						"url": {
							"raw": "{{http}}://{{domain}}/api/v1/history/comms-history/units/totals/since/date/{{from_date}}/time/{{from_time}}",
							"protocol": "{{http}}",
							"host": [
								"{{domain}}"
							],
							"path": [
								"api",
								"v1",
								"history",
								"comms-history",
								"units",
								"totals",
								"since",
								"date",
								"{{from_date}}",
								"time",
								"{{from_time}}"
							]
						},
						"description": "Requests the daily recordings of unit communications since a given date and time. The returned data contains 10 minute intervals of the total number of units active, inactive, offline or that have never communicated to the server at that point in time.\n\n*Note: The from_date and to_date parameters must be UTC based.*"
					},
					"response": []
				}
			]
		},
		{
			"name": "Vehicle Summaries",
			"item": [
				{
					"name": "Get Vehicle Group Distances",
					"request": {
						"method": "GET",
						"header": [],
						"url": {
							"raw": "{{http}}://{{domain}}/api/v1/history/summary/vehicles/distances/by-vehicle-group/1/client/{{client_id}}/date/{{from_date}}/period/{{period}}?limit=20",
							"protocol": "{{http}}",
							"host": [
								"{{domain}}"
							],
							"path": [
								"api",
								"v1",
								"history",
								"summary",
								"vehicles",
								"distances",
								"by-vehicle-group",
								"1",
								"client",
								"{{client_id}}",
								"date",
								"{{from_date}}",
								"period",
								"{{period}}"
							],
							"query": [
								{
									"key": "limit",
									"value": "20"
								}
							]
						}
					},
					"response": []
				},
				{
					"name": "Get Client Vehicles Distances",
					"request": {
						"method": "GET",
						"header": [],
						"url": {
							"raw": "{{http}}://{{domain}}/api/v1/history/summary/vehicles/distances/by-client/{{client_id}}/date/{{from_date}}/period/{{period}}",
							"protocol": "{{http}}",
							"host": [
								"{{domain}}"
							],
							"path": [
								"api",
								"v1",
								"history",
								"summary",
								"vehicles",
								"distances",
								"by-client",
								"{{client_id}}",
								"date",
								"{{from_date}}",
								"period",
								"{{period}}"
							]
						}
					},
					"response": []
				}
			]
		},
		{
			"name": "Unit Summaries",
			"item": [
				{
					"name": "Get Client Unit Distances",
					"request": {
						"method": "GET",
						"header": [],
						"url": {
							"raw": "{{http}}://{{domain}}/api/v1/history/summary/units/distances/by-client/{{client_id}}/date/{{from_date}}/period/this-month",
							"protocol": "{{http}}",
							"host": [
								"{{domain}}"
							],
							"path": [
								"api",
								"v1",
								"history",
								"summary",
								"units",
								"distances",
								"by-client",
								"{{client_id}}",
								"date",
								"{{from_date}}",
								"period",
								"this-month"
							]
						}
					},
					"response": []
				},
				{
					"name": "Get Unit Group Distances",
					"request": {
						"method": "GET",
						"header": [],
						"url": {
							"raw": "{{http}}://{{domain}}/api/v1/history/summary/units/distances/by-unit-group/18/client/{{client_id}}/date/{{from_date}}/period/{{period}}?limit=20",
							"protocol": "{{http}}",
							"host": [
								"{{domain}}"
							],
							"path": [
								"api",
								"v1",
								"history",
								"summary",
								"units",
								"distances",
								"by-unit-group",
								"18",
								"client",
								"{{client_id}}",
								"date",
								"{{from_date}}",
								"period",
								"{{period}}"
							],
							"query": [
								{
									"key": "limit",
									"value": "20"
								}
							]
						}
					},
					"response": []
				}
			]
		},
		{
			"name": "Event History",
			"item": [
				{
					"name": "Get Recent Event History",
					"request": {
						"method": "GET",
						"header": [],
						"url": {
							"raw": "{{http}}://{{domain}}/api/v1/history/events/pools/{{pool_id}}/recent/hours/24",
							"protocol": "{{http}}",
							"host": [
								"{{domain}}"
							],
							"path": [
								"api",
								"v1",
								"history",
								"events",
								"pools",
								"{{pool_id}}",
								"recent",
								"hours",
								"24"
							]
						}
					},
					"response": []
				},
				{
					"name": "Get Recent Event Counts",
					"request": {
						"method": "GET",
						"header": [],
						"url": {
							"raw": "{{http}}://{{domain}}/api/v1/history/events/pools/{{pool_id}}/totals/hours/24",
							"protocol": "{{http}}",
							"host": [
								"{{domain}}"
							],
							"path": [
								"api",
								"v1",
								"history",
								"events",
								"pools",
								"{{pool_id}}",
								"totals",
								"hours",
								"24"
							]
						}
					},
					"response": []
				}
			]
		},
		{
			"name": "Event Summaries",
			"item": [
				{
					"name": "Get Vehicle Event Counts Over Period",
					"request": {
						"method": "GET",
						"header": [],
						"url": {
							"raw": "{{http}}://{{domain}}/api/v1/history/summary/events/pools/{{pool_id}}/vehicles/period/from/{{from_date}}/time/{{from_time}}/to/{{to_date}}/time/{{to_time}}?XDEBUG_SESSION_START=PHPSTORM",
							"protocol": "{{http}}",
							"host": [
								"{{domain}}"
							],
							"path": [
								"api",
								"v1",
								"history",
								"summary",
								"events",
								"pools",
								"{{pool_id}}",
								"vehicles",
								"period",
								"from",
								"{{from_date}}",
								"time",
								"{{from_time}}",
								"to",
								"{{to_date}}",
								"time",
								"{{to_time}}"
							],
							"query": [
								{
									"key": "XDEBUG_SESSION_START",
									"value": "PHPSTORM"
								}
							]
						}
					},
					"response": []
				}
			]
		}
	],
	"auth": {
		"type": "bearer",
		"bearer": [
			{
				"key": "token",
				"value": "{{bearer}}",
				"type": "string"
			}
		]
	},
	"event": [
		{
			"listen": "prerequest",
			"script": {
				"type": "text/javascript",
				"exec": [
					""
				]
			}
		},
		{
			"listen": "test",
			"script": {
				"type": "text/javascript",
				"exec": [
					""
				]
			}
		}
	],
	"variable": [
		{
			"key": "http",
			"value": "https"
		},
		{
			"key": "domain",
			"value": "www.acmdestiny.net"
		},
		{
			"key": "username",
			"value": "don.admin"
		},
		{
			"key": "password",
			"value": "CompL#t1on"
		},
		{
			"key": "bearer",
			"value": ""
		},
		{
			"key": "vehicle_id",
			"value": "33"
		},
		{
			"key": "unit_id",
			"value": "39"
		},
		{
			"key": "date",
			"value": "2020-02-07"
		},
		{
			"key": "from",
			"value": "00:00:00"
		},
		{
			"key": "to",
			"value": "23:59:59"
		},
		{
			"key": "from_date",
			"value": ""
		},
		{
			"key": "to_date",
			"value": ""
		},
		{
			"key": "client_id",
			"value": ""
		},
		{
			"key": "period",
			"value": ""
		}
	]
}