{
	"info": {
		"_postman_id": "60f23775-8d9f-480a-b0c7-a4074b523886",
		"name": "Destiny HTTP History Query API",
		"description": "# Introduction\n\nWelcome to the History Query API documentation. This API provides the means \nto gain access to historically captured telemetry, trip and summary data for all \nthe vehicles and units available to you.\n\nThe API uses the same authentication as the regular HTTP API and therefore does\nnot require a separate login request.\n\n# Request URL Instructions\n\nArguments within the queries are indicated with curly braces (`{` and `}`) but the\ncurly braces should not be included, for example, if the example looks like this:\n\n```\napi/v1/history/telemetry/unit/{unit_id}/date/{date}/from/{from}/to/{to}\n```\n\nthen the actual request will look something like this:\n\n```\napi/v1/history/telemetry/unit/1/date/2021-04-30/from/08:00:00/to/17:00:00\n```\n\n# Common URL Arguments\n\n* `unit_id`: A particular unit's database id.\n* `vehicle_id`: A particular vehicle's database id (usually with an accompanying \n  `assigned_as` argument).\n* `assigned_as`: A string indicating the `primary`, `backup_1` or `backup_2` unit\n  that is assigned to the vehicle.\n* `client_id`: A particular client's database id.\n* `group_id`: Either a vehicle group's or unit group's database id.  \n* `from_date`: A particular date in the format `YYYY-MM-DD` (e.g. `2020-04-30`)\n* `to_date`: A particular date in the format `YYYY-MM-DD` (e.g. `2020-04-30`)\n* `from_time`: A time in a 24-hour format `HH:MM:SS` (e.g. `17:30:45`).\n* `to_time`: A time in a 24-hour format `HH:MM:SS` (e.g. `17:30:45`).\n\n# Request Results\n\nThese results are returned in the same format as regular HTTP API GET requests, for\nexample:\n\n```json\n{\n  \"data\": []\n}\n```",
		"schema": "https://schema.getpostman.com/json/collection/v2.1.0/collection.json",
		"_exporter_id": "217817",
		"_collection_link": "https://delphex-dev.postman.co/workspace/ACMGroup~1ad802bb-53c5-4f76-9bb9-7b2ae4ccbf24/collection/217817-60f23775-8d9f-480a-b0c7-a4074b523886?action=share&source=collection_link&creator=217817"
	},
	"item": [
		{
			"name": "Vehicle History",
			"item": [
				{
					"name": "Get Vehicle Trip History (All)",
					"request": {
						"method": "GET",
						"header": [
							{
								"key": "Content-Type",
								"value": "application/json",
								"type": "text"
							}
						],
						"url": {
							"raw": "{{http}}://{{domain}}/api/v1/history/trips/vehicle/{{vehicle_id}}/primary/date/{{from_date}}/all",
							"protocol": "{{http}}",
							"host": [
								"{{domain}}"
							],
							"path": [
								"api",
								"v1",
								"history",
								"trips",
								"vehicle",
								"{{vehicle_id}}",
								"primary",
								"date",
								"{{from_date}}",
								"all"
							]
						}
					},
					"response": []
				},
				{
					"name": "Get Vehicle Trip History (First)",
					"request": {
						"method": "GET",
						"header": [],
						"url": {
							"raw": "{{http}}://{{domain}}/api/v1/history/trips/vehicle/{{vehicle_id}}/primary/date/{{from_date}}/all",
							"protocol": "{{http}}",
							"host": [
								"{{domain}}"
							],
							"path": [
								"api",
								"v1",
								"history",
								"trips",
								"vehicle",
								"{{vehicle_id}}",
								"primary",
								"date",
								"{{from_date}}",
								"all"
							],
							"query": [
								{
									"key": "",
									"value": "",
									"disabled": true
								}
							]
						}
					},
					"response": []
				},
				{
					"name": "Get Vehicle Trip History (Last)",
					"request": {
						"method": "GET",
						"header": [],
						"url": {
							"raw": "{{http}}://{{domain}}/api/v1/history/trips/vehicle/{{vehicle_id}}/primary/date/{{from_date}}/last",
							"protocol": "{{http}}",
							"host": [
								"{{domain}}"
							],
							"path": [
								"api",
								"v1",
								"history",
								"trips",
								"vehicle",
								"{{vehicle_id}}",
								"primary",
								"date",
								"{{from_date}}",
								"last"
							],
							"query": [
								{
									"key": "",
									"value": "",
									"disabled": true
								}
							]
						}
					},
					"response": []
				},
				{
					"name": "Get Vehicle Telemetry (All)",
					"request": {
						"method": "GET",
						"header": [],
						"url": {
							"raw": "{{http}}://{{domain}}/api/v1/history/telemetry/vehicle/{{vehicle_id}}/primary/date/{{from_date}}?_fields=gps.local_time,gps.timestamp,gps.latitude,gps.longitude,gps.speed,gps.heading",
							"protocol": "{{http}}",
							"host": [
								"{{domain}}"
							],
							"path": [
								"api",
								"v1",
								"history",
								"telemetry",
								"vehicle",
								"{{vehicle_id}}",
								"primary",
								"date",
								"{{from_date}}"
							],
							"query": [
								{
									"key": "_fields",
									"value": "gps.local_time,gps.timestamp,gps.latitude,gps.longitude,gps.speed,gps.heading"
								}
							]
						}
					},
					"response": []
				},
				{
					"name": "Get Vehicle Telemetry (Period)",
					"request": {
						"method": "GET",
						"header": [],
						"url": {
							"raw": "{{http}}://{{domain}}/api/v1/history/telemetry/vehicle/{{vehicle_id}}/primary/period/from/{{from_date}}/time/{{from_time}}/to/{{to_date}}/time/{{to_time}}?_fields=gps.local_time,gps.timestamp,gps.latitude,gps.longitude,gps.speed,gps.heading",
							"protocol": "{{http}}",
							"host": [
								"{{domain}}"
							],
							"path": [
								"api",
								"v1",
								"history",
								"telemetry",
								"vehicle",
								"{{vehicle_id}}",
								"primary",
								"period",
								"from",
								"{{from_date}}",
								"time",
								"{{from_time}}",
								"to",
								"{{to_date}}",
								"time",
								"{{to_time}}"
							],
							"query": [
								{
									"key": "_fields",
									"value": "gps.local_time,gps.timestamp,gps.latitude,gps.longitude,gps.speed,gps.heading"
								}
							]
						}
					},
					"response": []
				},
				{
					"name": "Get Vehicle Trip Telemetry (Time Range)",
					"request": {
						"method": "GET",
						"header": [],
						"url": {
							"raw": "{{http}}://{{domain}}/api/v1/history/trips/telemetry/vehicle/{{vehicle_id}}/primary/date/{{from_date}}/from/{{from_time}}/to/{{to_time}}?_fields=gps.local_time,gps.timestamp,gps.latitude,gps.longitude,gps.speed,gps.heading",
							"protocol": "{{http}}",
							"host": [
								"{{domain}}"
							],
							"path": [
								"api",
								"v1",
								"history",
								"trips",
								"telemetry",
								"vehicle",
								"{{vehicle_id}}",
								"primary",
								"date",
								"{{from_date}}",
								"from",
								"{{from_time}}",
								"to",
								"{{to_time}}"
							],
							"query": [
								{
									"key": "_fields",
									"value": "gps.local_time,gps.timestamp,gps.latitude,gps.longitude,gps.speed,gps.heading"
								}
							]
						}
					},
					"response": []
				},
				{
					"name": "Get Vehicle Trip Telemetry (Period)",
					"request": {
						"method": "GET",
						"header": [],
						"url": {
							"raw": "{{http}}://{{domain}}/api/v1/history/trips/telemetry/vehicle/{{vehicle_id}}/primary/period/from/{{from_date}}/time/{{from_time}}/to/{{to_date}}/time/{{to_time}}?_fields=gps.local_time,gps.timestamp,gps.latitude,gps.longitude,gps.speed,gps.heading",
							"protocol": "{{http}}",
							"host": [
								"{{domain}}"
							],
							"path": [
								"api",
								"v1",
								"history",
								"trips",
								"telemetry",
								"vehicle",
								"{{vehicle_id}}",
								"primary",
								"period",
								"from",
								"{{from_date}}",
								"time",
								"{{from_time}}",
								"to",
								"{{to_date}}",
								"time",
								"{{to_time}}"
							],
							"query": [
								{
									"key": "_fields",
									"value": "gps.local_time,gps.timestamp,gps.latitude,gps.longitude,gps.speed,gps.heading"
								}
							]
						}
					},
					"response": []
				},
				{
					"name": "Get Vehicle Trip Telemetry By Date",
					"request": {
						"method": "GET",
						"header": [],
						"url": {
							"raw": "{{http}}://{{domain}}/api/v1/history/trips/telemetry/vehicle/{{vehicle_id}}/primary/date/{{from_date}}?_fields=gps.local_time,gps.timestamp,gps.latitude,gps.longitude,gps.speed,gps.heading",
							"protocol": "{{http}}",
							"host": [
								"{{domain}}"
							],
							"path": [
								"api",
								"v1",
								"history",
								"trips",
								"telemetry",
								"vehicle",
								"{{vehicle_id}}",
								"primary",
								"date",
								"{{from_date}}"
							],
							"query": [
								{
									"key": "_fields",
									"value": "gps.local_time,gps.timestamp,gps.latitude,gps.longitude,gps.speed,gps.heading"
								}
							]
						}
					},
					"response": []
				},
				{
					"name": "Get Vehicle Telemetry (Time Range)",
					"request": {
						"method": "GET",
						"header": [],
						"url": {
							"raw": "{{http}}://{{domain}}/api/v1/history/telemetry/vehicle/{{vehicle_id}}/primary/date/{{from_date}}/from/{{from_time}}/to/{{to_time}}?_fields=gps.local_time,gps.timestamp,gps.latitude,gps.longitude,gps.speed,gps.heading",
							"protocol": "{{http}}",
							"host": [
								"{{domain}}"
							],
							"path": [
								"api",
								"v1",
								"history",
								"telemetry",
								"vehicle",
								"{{vehicle_id}}",
								"primary",
								"date",
								"{{from_date}}",
								"from",
								"{{from_time}}",
								"to",
								"{{to_time}}"
							],
							"query": [
								{
									"key": "_fields",
									"value": "gps.local_time,gps.timestamp,gps.latitude,gps.longitude,gps.speed,gps.heading"
								},
								{
									"key": "",
									"value": "",
									"disabled": true
								}
							]
						}
					},
					"response": []
				},
				{
					"name": "Get Vehicle Daily Summary",
					"request": {
						"method": "GET",
						"header": [],
						"url": {
							"raw": "{{http}}://{{domain}}/api/v1/history/summary/vehicle/{{vehicle_id}}/primary/from/{{from_date}}/to/{{to_date}}",
							"protocol": "{{http}}",
							"host": [
								"{{domain}}"
							],
							"path": [
								"api",
								"v1",
								"history",
								"summary",
								"vehicle",
								"{{vehicle_id}}",
								"primary",
								"from",
								"{{from_date}}",
								"to",
								"{{to_date}}"
							]
						}
					},
					"response": []
				}
			]
		},
		{
			"name": "Unit History",
			"item": [
				{
					"name": "Get Unit Trip History (All)",
					"request": {
						"method": "GET",
						"header": [],
						"url": {
							"raw": "{{http}}://{{domain}}/api/v1/history/trips/unit/{{unit_id}}/date/{{from_date}}/all",
							"protocol": "{{http}}",
							"host": [
								"{{domain}}"
							],
							"path": [
								"api",
								"v1",
								"history",
								"trips",
								"unit",
								"{{unit_id}}",
								"date",
								"{{from_date}}",
								"all"
							],
							"query": [
								{
									"key": "",
									"value": "",
									"disabled": true
								}
							]
						}
					},
					"response": []
				},
				{
					"name": "Get Unit Trip History (First)",
					"request": {
						"method": "GET",
						"header": [],
						"url": {
							"raw": "{{http}}://{{domain}}/api/v1/history/trips/unit/{{unit_id}}/date/{{from_date}}/first",
							"protocol": "{{http}}",
							"host": [
								"{{domain}}"
							],
							"path": [
								"api",
								"v1",
								"history",
								"trips",
								"unit",
								"{{unit_id}}",
								"date",
								"{{from_date}}",
								"first"
							]
						}
					},
					"response": []
				},
				{
					"name": "Get Unit Trip History (Last)",
					"request": {
						"method": "GET",
						"header": [],
						"url": {
							"raw": "{{http}}://{{domain}}/api/v1/history/trips/unit/{{unit_id}}/date/{{from_date}}/last",
							"protocol": "{{http}}",
							"host": [
								"{{domain}}"
							],
							"path": [
								"api",
								"v1",
								"history",
								"trips",
								"unit",
								"{{unit_id}}",
								"date",
								"{{from_date}}",
								"last"
							]
						}
					},
					"response": []
				},
				{
					"name": "Get Unit Telemetry (All)",
					"request": {
						"method": "GET",
						"header": [],
						"url": {
							"raw": "{{http}}://{{domain}}/api/v1/history/telemetry/unit/{{unit_id}}/date/{{from_date}}?_fields=gps.local_time,gps.speed,events",
							"protocol": "{{http}}",
							"host": [
								"{{domain}}"
							],
							"path": [
								"api",
								"v1",
								"history",
								"telemetry",
								"unit",
								"{{unit_id}}",
								"date",
								"{{from_date}}"
							],
							"query": [
								{
									"key": "_fields",
									"value": "gps.local_time,gps.speed,events"
								}
							]
						}
					},
					"response": []
				},
				{
					"name": "Get Unit Trip Telemetry (Time Range)",
					"request": {
						"method": "GET",
						"header": [],
						"url": {
							"raw": "{{http}}://{{domain}}/api/v1/history/trips/telemetry/unit/{{unit_id}}/date/{{from_date}}/from/{{from_time}}/to/{{to_time}}?_fields=gps.local_time,gps.timestamp,gps.latitude,gps.longitude,gps.speed,gps.heading",
							"protocol": "{{http}}",
							"host": [
								"{{domain}}"
							],
							"path": [
								"api",
								"v1",
								"history",
								"trips",
								"telemetry",
								"unit",
								"{{unit_id}}",
								"date",
								"{{from_date}}",
								"from",
								"{{from_time}}",
								"to",
								"{{to_time}}"
							],
							"query": [
								{
									"key": "_fields",
									"value": "gps.local_time,gps.timestamp,gps.latitude,gps.longitude,gps.speed,gps.heading"
								}
							]
						}
					},
					"response": []
				},
				{
					"name": "Get Unit Telemetry (Period)",
					"request": {
						"method": "GET",
						"header": [],
						"url": {
							"raw": "{{http}}://{{domain}}/api/v1/history/telemetry/unit/{{unit_id}}/period/from/{{from_date}}/time/{{from_time}}/to/{{to_date}}/time/{{to_time}}?_fields=gps.local_time,gps.timestamp,gps.latitude,gps.longitude,gps.speed,gps.heading",
							"protocol": "{{http}}",
							"host": [
								"{{domain}}"
							],
							"path": [
								"api",
								"v1",
								"history",
								"telemetry",
								"unit",
								"{{unit_id}}",
								"period",
								"from",
								"{{from_date}}",
								"time",
								"{{from_time}}",
								"to",
								"{{to_date}}",
								"time",
								"{{to_time}}"
							],
							"query": [
								{
									"key": "_fields",
									"value": "gps.local_time,gps.timestamp,gps.latitude,gps.longitude,gps.speed,gps.heading"
								}
							]
						}
					},
					"response": []
				},
				{
					"name": "Get Unit Trip Telemetry (Period)",
					"request": {
						"method": "GET",
						"header": [],
						"url": {
							"raw": "{{http}}://{{domain}}/api/v1/history/trips/telemetry/unit/{{unit_id}}/period/from/{{from_date}}/time/{{from_time}}/to/{{to_date}}/time/{{to_time}}?_fields=gps.local_time,gps.timestamp,gps.latitude,gps.longitude,gps.speed,gps.heading,gps.address,events",
							"protocol": "{{http}}",
							"host": [
								"{{domain}}"
							],
							"path": [
								"api",
								"v1",
								"history",
								"trips",
								"telemetry",
								"unit",
								"{{unit_id}}",
								"period",
								"from",
								"{{from_date}}",
								"time",
								"{{from_time}}",
								"to",
								"{{to_date}}",
								"time",
								"{{to_time}}"
							],
							"query": [
								{
									"key": "_fields",
									"value": "gps.local_time,gps.timestamp,gps.latitude,gps.longitude,gps.speed,gps.heading,gps.address,events"
								}
							]
						}
					},
					"response": []
				},
				{
					"name": "Get Unit Trip Telemetry By Date",
					"request": {
						"method": "GET",
						"header": [],
						"url": {
							"raw": "{{http}}://{{domain}}/api/v1/history/trips/telemetry/unit/{{unit_id}}/date/{{from_date}}?_fields=gps.local_time,gps.timestamp,gps.latitude,gps.longitude,gps.speed,gps.heading",
							"protocol": "{{http}}",
							"host": [
								"{{domain}}"
							],
							"path": [
								"api",
								"v1",
								"history",
								"trips",
								"telemetry",
								"unit",
								"{{unit_id}}",
								"date",
								"{{from_date}}"
							],
							"query": [
								{
									"key": "_fields",
									"value": "gps.local_time,gps.timestamp,gps.latitude,gps.longitude,gps.speed,gps.heading"
								}
							]
						}
					},
					"response": []
				},
				{
					"name": "Get Unit Telemetry (Time Ranged)",
					"event": [
						{
							"listen": "prerequest",
							"script": {
								"exec": [
									""
								],
								"type": "text/javascript"
							}
						}
					],
					"request": {
						"method": "GET",
						"header": [],
						"url": {
							"raw": "{{http}}://{{domain}}/api/v1/history/telemetry/unit/{{unit_id}}/date/{{from_date}}/from/{{from_time}}/to/{{to_time}}?_fields=gps.local_time,gps.timestamp,gps.latitude,gps.longitude,gps.speed,gps.heading",
							"protocol": "{{http}}",
							"host": [
								"{{domain}}"
							],
							"path": [
								"api",
								"v1",
								"history",
								"telemetry",
								"unit",
								"{{unit_id}}",
								"date",
								"{{from_date}}",
								"from",
								"{{from_time}}",
								"to",
								"{{to_time}}"
							],
							"query": [
								{
									"key": "_fields",
									"value": "gps.local_time,gps.timestamp,gps.latitude,gps.longitude,gps.speed,gps.heading"
								}
							]
						}
					},
					"response": []
				},
				{
					"name": "Get Unit Daily History",
					"request": {
						"method": "GET",
						"header": [],
						"url": {
							"raw": "{{http}}://{{domain}}/api/v1/history/summary/unit/{{unit_id}}/from/{{from_date}}/to/{{to_date}}",
							"protocol": "{{http}}",
							"host": [
								"{{domain}}"
							],
							"path": [
								"api",
								"v1",
								"history",
								"summary",
								"unit",
								"{{unit_id}}",
								"from",
								"{{from_date}}",
								"to",
								"{{to_date}}"
							]
						}
					},
					"response": []
				},
				{
					"name": "Get Unit Comms Status History (By Client)",
					"request": {
						"method": "GET",
						"header": [],
						"url": {
							"raw": "{{http}}://{{domain}}/api/v1/history/comms-history/units/by-client/{{client_id}}/from/{{from_date}}/to/{{to_date}}",
							"protocol": "{{http}}",
							"host": [
								"{{domain}}"
							],
							"path": [
								"api",
								"v1",
								"history",
								"comms-history",
								"units",
								"by-client",
								"{{client_id}}",
								"from",
								"{{from_date}}",
								"to",
								"{{to_date}}"
							]
						},
						"description": "Requests the daily recordings of unit communications for a specific client and between two dates. The returned data contains 10 minute intervals of the total number of units active, inactive, offline or that have never communicated to the server at that point in time.\n\n*Note: The from_date and to_date parameters must be UTC based.*"
					},
					"response": []
				},
				{
					"name": "Get Unit Comms Status History (By Agency)",
					"request": {
						"method": "GET",
						"header": [],
						"url": {
							"raw": "{{http}}://{{domain}}/api/v1/history/comms-history/units/by-agency/{{client_id}}/from/{{from_date}}/to/{{to_date}}",
							"protocol": "{{http}}",
							"host": [
								"{{domain}}"
							],
							"path": [
								"api",
								"v1",
								"history",
								"comms-history",
								"units",
								"by-agency",
								"{{client_id}}",
								"from",
								"{{from_date}}",
								"to",
								"{{to_date}}"
							]
						},
						"description": "Requests the daily recordings of unit communications for a specific agency and between two dates. The returned data contains 10 minute intervals of the total number of units active, inactive, offline or that have never communicated to the server at that point in time.\n\n*Note: The from_date and to_date parameters must be UTC based.*"
					},
					"response": []
				},
				{
					"name": "Get Unit Comms Status History (By Partner)",
					"request": {
						"method": "GET",
						"header": [],
						"url": {
							"raw": "{{http}}://{{domain}}/api/v1/history/comms-history/units/by-partner/{{client_id}}/from/{{from_date}}/to/{{to_date}}",
							"protocol": "{{http}}",
							"host": [
								"{{domain}}"
							],
							"path": [
								"api",
								"v1",
								"history",
								"comms-history",
								"units",
								"by-partner",
								"{{client_id}}",
								"from",
								"{{from_date}}",
								"to",
								"{{to_date}}"
							]
						},
						"description": "Requests the daily recordings of unit communications for a specific partner and between two dates. The returned data contains 10 minute intervals of the total number of units active, inactive, offline or that have never communicated to the server at that point in time.\n\n*Note: The from_date and to_date parameters must be UTC based.*"
					},
					"response": []
				},
				{
					"name": "Get Unit Comms Status History Totals",
					"request": {
						"method": "GET",
						"header": [],
						"url": {
							"raw": "{{http}}://{{domain}}/api/v1/history/comms-history/units/totals/from/{{from_date}}/to/{{to_date}}?XDEBUG_SESSION_START=PHPSTORM",
							"protocol": "{{http}}",
							"host": [
								"{{domain}}"
							],
							"path": [
								"api",
								"v1",
								"history",
								"comms-history",
								"units",
								"totals",
								"from",
								"{{from_date}}",
								"to",
								"{{to_date}}"
							],
							"query": [
								{
									"key": "XDEBUG_SESSION_START",
									"value": "PHPSTORM"
								}
							]
						},
						"description": "Requests the daily recordings of unit communications between two dates. The returned data contains 10 minute intervals of the total number of units active, inactive, offline or that have never communicated to the server at that point in time.\n\n*Note: The from_date and to_date parameters must be UTC based.*"
					},
					"response": []
				},
				{
					"name": "Get Unit Comms Status History Since (By Client)",
					"request": {
						"method": "GET",
						"header": [],
						"url": {
							"raw": "{{http}}://{{domain}}/api/v1/history/comms-history/units/by-client/{{client_id}}/since/date/{{from_date}}/time/{{from_time}}",
							"protocol": "{{http}}",
							"host": [
								"{{domain}}"
							],
							"path": [
								"api",
								"v1",
								"history",
								"comms-history",
								"units",
								"by-client",
								"{{client_id}}",
								"since",
								"date",
								"{{from_date}}",
								"time",
								"{{from_time}}"
							]
						},
						"description": "Requests the daily recordings of unit communications for a specific client since a given date and time. The returned data contains 10 minute intervals of the total number of units active, inactive, offline or that have never communicated to the server at that point in time.\n\n*Note: The from_date and to_date parameters must be UTC based.*"
					},
					"response": []
				},
				{
					"name": "Get Unit Comms Status History Since (By Agency)",
					"request": {
						"method": "GET",
						"header": [],
						"url": {
							"raw": "{{http}}://{{domain}}/api/v1/history/comms-history/units/by-agency/{{client_id}}/since/date/{{from_date}}/time/{{from_time}}",
							"protocol": "{{http}}",
							"host": [
								"{{domain}}"
							],
							"path": [
								"api",
								"v1",
								"history",
								"comms-history",
								"units",
								"by-agency",
								"{{client_id}}",
								"since",
								"date",
								"{{from_date}}",
								"time",
								"{{from_time}}"
							]
						},
						"description": "Requests the daily recordings of unit communications for a specific agency since a given date and time. The returned data contains 10 minute intervals of the total number of units active, inactive, offline or that have never communicated to the server at that point in time.\n\n*Note: The from_date and to_date parameters must be UTC based.*"
					},
					"response": []
				},
				{
					"name": "Get Unit Comms Status History Since (By Partner)",
					"request": {
						"method": "GET",
						"header": [],
						"url": {
							"raw": "{{http}}://{{domain}}/api/v1/history/comms-history/units/by-partner/{{client_id}}/since/date/{{from_date}}/time/{{from_time}}",
							"protocol": "{{http}}",
							"host": [
								"{{domain}}"
							],
							"path": [
								"api",
								"v1",
								"history",
								"comms-history",
								"units",
								"by-partner",
								"{{client_id}}",
								"since",
								"date",
								"{{from_date}}",
								"time",
								"{{from_time}}"
							]
						},
						"description": "Requests the daily recordings of unit communications for a specific partner since a given date and time. The returned data contains 10 minute intervals of the total number of units active, inactive, offline or that have never communicated to the server at that point in time.\n\n*Note: The from_date and to_date parameters must be UTC based.*"
					},
					"response": []
				},
				{
					"name": "Get Unit Comms Status History (Since) Totals",
					"request": {
						"method": "GET",
						"header": [],
						"url": {
							"raw": "{{http}}://{{domain}}/api/v1/history/comms-history/units/totals/since/date/{{from_date}}/time/{{from_time}}",
							"protocol": "{{http}}",
							"host": [
								"{{domain}}"
							],
							"path": [
								"api",
								"v1",
								"history",
								"comms-history",
								"units",
								"totals",
								"since",
								"date",
								"{{from_date}}",
								"time",
								"{{from_time}}"
							]
						},
						"description": "Requests the daily recordings of unit communications since a given date and time. The returned data contains 10 minute intervals of the total number of units active, inactive, offline or that have never communicated to the server at that point in time.\n\n*Note: The from_date and to_date parameters must be UTC based.*"
					},
					"response": []
				}
			]
		},
		{
			"name": "Vehicle Summaries",
			"item": [
				{
					"name": "Get Vehicle Group Distances",
					"request": {
						"method": "GET",
						"header": [],
						"url": {
							"raw": "{{http}}://{{domain}}/api/v1/history/summary/vehicles/distances/by-vehicle-group/1/client/{{client_id}}/date/{{from_date}}/period/{{period}}?limit=20",
							"protocol": "{{http}}",
							"host": [
								"{{domain}}"
							],
							"path": [
								"api",
								"v1",
								"history",
								"summary",
								"vehicles",
								"distances",
								"by-vehicle-group",
								"1",
								"client",
								"{{client_id}}",
								"date",
								"{{from_date}}",
								"period",
								"{{period}}"
							],
							"query": [
								{
									"key": "limit",
									"value": "20"
								}
							]
						}
					},
					"response": []
				},
				{
					"name": "Get Client Vehicles Distances",
					"request": {
						"method": "GET",
						"header": [],
						"url": {
							"raw": "{{http}}://{{domain}}/api/v1/history/summary/vehicles/distances/by-client/{{client_id}}/date/{{from_date}}/period/{{period}}",
							"protocol": "{{http}}",
							"host": [
								"{{domain}}"
							],
							"path": [
								"api",
								"v1",
								"history",
								"summary",
								"vehicles",
								"distances",
								"by-client",
								"{{client_id}}",
								"date",
								"{{from_date}}",
								"period",
								"{{period}}"
							]
						}
					},
					"response": []
				}
			]
		},
		{
			"name": "Unit Summaries",
			"item": [
				{
					"name": "Get Client Unit Distances",
					"request": {
						"method": "GET",
						"header": [],
						"url": {
							"raw": "{{http}}://{{domain}}/api/v1/history/summary/units/distances/by-client/{{client_id}}/date/{{from_date}}/period/this-month",
							"protocol": "{{http}}",
							"host": [
								"{{domain}}"
							],
							"path": [
								"api",
								"v1",
								"history",
								"summary",
								"units",
								"distances",
								"by-client",
								"{{client_id}}",
								"date",
								"{{from_date}}",
								"period",
								"this-month"
							]
						}
					},
					"response": []
				},
				{
					"name": "Get Unit Group Distances",
					"request": {
						"method": "GET",
						"header": [],
						"url": {
							"raw": "{{http}}://{{domain}}/api/v1/history/summary/units/distances/by-unit-group/18/client/{{client_id}}/date/{{from_date}}/period/{{period}}?limit=20",
							"protocol": "{{http}}",
							"host": [
								"{{domain}}"
							],
							"path": [
								"api",
								"v1",
								"history",
								"summary",
								"units",
								"distances",
								"by-unit-group",
								"18",
								"client",
								"{{client_id}}",
								"date",
								"{{from_date}}",
								"period",
								"{{period}}"
							],
							"query": [
								{
									"key": "limit",
									"value": "20"
								}
							]
						}
					},
					"response": []
				}
			]
		},
		{
			"name": "Event History",
			"item": [
				{
					"name": "Get Event History (Time Range)",
					"request": {
						"method": "GET",
						"header": [],
						"url": {
							"raw": "{{http}}://{{domain}}/api/v1/history/events/pools/{{pool_id}}/date/{{from_date}}/from/{{from_time}}/to/{{to_time}}",
							"protocol": "{{http}}",
							"host": [
								"{{domain}}"
							],
							"path": [
								"api",
								"v1",
								"history",
								"events",
								"pools",
								"{{pool_id}}",
								"date",
								"{{from_date}}",
								"from",
								"{{from_time}}",
								"to",
								"{{to_time}}"
							]
						},
						"description": "Returns all the events for the specified pool and period. If the {{to_time}} argument is earlier than the {{from_time}} period it is assumed that a request was made for data across midnight into the next day.\n\nA maximum of 24 hours worth of events will be returned.\n\nEvents can be filtered by specifying a `code` parameter in the request, for example:\n\n`?code=PANIC;SPEEDING`\n\n`The above will return results for PANIC and SPEEDING events.`"
					},
					"response": [
						{
							"name": "Get Event History (Time Range)",
							"originalRequest": {
								"method": "GET",
								"header": [],
								"url": {
									"raw": "{{http}}://{{domain}}/api/v1/history/events/pools/{{pool_id}}/date/{{from_date}}/from/{{from_time}}/to/{{to_time}}",
									"protocol": "{{http}}",
									"host": [
										"{{domain}}"
									],
									"path": [
										"api",
										"v1",
										"history",
										"events",
										"pools",
										"{{pool_id}}",
										"date",
										"{{from_date}}",
										"from",
										"{{from_time}}",
										"to",
										"{{to_time}}"
									]
								}
							},
							"status": "OK",
							"code": 200,
							"_postman_previewlanguage": "json",
							"header": [
								{
									"key": "Server",
									"value": "nginx/1.15.8"
								},
								{
									"key": "Content-Type",
									"value": "application/json; charset=utf-8"
								},
								{
									"key": "Transfer-Encoding",
									"value": "chunked"
								},
								{
									"key": "Connection",
									"value": "keep-alive"
								},
								{
									"key": "Cache-Control",
									"value": "no-cache, private"
								},
								{
									"key": "Date",
									"value": "Tue, 26 Apr 2022 08:30:24 GMT"
								},
								{
									"key": "Content-Encoding",
									"value": "gzip"
								},
								{
									"key": "Access-Control-Allow-Origin",
									"value": "*"
								},
								{
									"key": "Access-Control-Allow-Methods",
									"value": "POST, GET, OPTIONS, PUT, DELETE"
								},
								{
									"key": "Access-Control-Allow-Credentials",
									"value": "true"
								},
								{
									"key": "Access-Control-Max-Age",
									"value": "86400"
								},
								{
									"key": "Access-Control-Allow-Headers",
									"value": "Content-Type, Authorization, X-Requested-With"
								}
							],
							"cookie": [],
							"body": "{\n    \"data\": [\n        {\n            \"message_ver\": 1,\n            \"message_type\": \"event\",\n            \"app_id\": \"\",\n            \"timestamp\": \"2022-04-25T05:56:01+02:00\",\n            \"timezone\": \"Africa/Johannesburg\",\n            \"gateway_time\": \"2022-04-25T03:56:04+00:00\",\n            \"stored_time\": \"2022-04-25T03:56:04+00:00\",\n            \"code\": \"CIGAR_LIGHTER:PLUGGED_OUT\",\n            \"message\": \"Towing Ended\",\n            \"source\": {\n                \"key\": \"vehicle_reg_no\",\n                \"label\": \"Vehicle Reg No.\",\n                \"value\": \"ABC 123 GP\",\n                \"url\": \"/#/vehicles/16/view\"\n            },\n            \"location\": {\n                \"latitude\": -23.68737,\n                \"longitude\": 27.753302,\n                \"address\": null\n            },\n            \"importance\": \"medium\",\n            \"alert_level\": null,\n            \"color\": \"#1E88E5\",\n            \"sound_id\": null,\n            \"state\": null,\n            \"ticket\": false,\n            \"device\": {\n                \"identifier\": \"imei\",\n                \"imei\": \"351234567890123\",\n                \"serial_no\": \"1000284456\",\n                \"cell_no\": null,\n                \"name\": null,\n                \"firm_ver\": null,\n                \"type\": \"teltonika\",\n                \"model\": \"fmb920\",\n                \"url\": \"/#/units/1/view\"\n            },\n            \"data\": [\n                {\n                    \"key\": \"vehicle_fleet_no\",\n                    \"label\": \"Vehicle Fleet No.\",\n                    \"value\": \"03\",\n                    \"url\": null\n                }\n            ],\n            \"pools\": [\n                1\n            ]\n        },\n        {\n            \"stored_time\": \"2022-04-25T03:56:04+00:00\",\n            \"message_ver\": 1,\n            \"message_type\": \"event\",\n            \"app_id\": \"\",\n            \"timestamp\": \"2022-04-25T05:56:02+02:00\",\n            \"timezone\": \"Africa/Johannesburg\",\n            \"gateway_time\": \"2022-04-25T03:56:04+00:00\",\n            \"code\": \"TOWING:END\",\n            \"message\": \"Towing Ended\",\n            \"source\": {\n                \"key\": \"vehicle_reg_no\",\n                \"label\": \"Vehicle Reg No.\",\n                \"value\": \"ABC 123 GP\",\n                \"url\": \"/#/vehicles/16/view\"\n            },\n            \"location\": {\n                \"latitude\": -23.68737,\n                \"longitude\": 27.753302,\n                \"address\": null\n            },\n            \"importance\": \"medium\",\n            \"alert_level\": null,\n            \"color\": \"#1E88E5\",\n            \"sound_id\": null,\n            \"state\": null,\n            \"ticket\": false,\n            \"device\": {\n                \"identifier\": \"imei\",\n                \"imei\": \"351234567890123\",\n                \"serial_no\": \"1000284456\",\n                \"cell_no\": null,\n                \"name\": null,\n                \"firm_ver\": null,\n                \"type\": \"teltonika\",\n                \"model\": \"fmb920\",\n                \"url\": \"/#/units/1/view\"\n            },\n            \"data\": [\n                {\n                    \"key\": \"vehicle_fleet_no\",\n                    \"label\": \"Vehicle Fleet No.\",\n                    \"value\": \"03\",\n                    \"url\": null\n                }\n            ],\n            \"pools\": [\n                1\n            ]\n        }\n    ]\n}"
						}
					]
				},
				{
					"name": "Get Recent Event History",
					"request": {
						"method": "GET",
						"header": [],
						"url": {
							"raw": "{{http}}://{{domain}}/api/v1/history/events/pools/{{pool_id}}/recent/hours/24",
							"protocol": "{{http}}",
							"host": [
								"{{domain}}"
							],
							"path": [
								"api",
								"v1",
								"history",
								"events",
								"pools",
								"{{pool_id}}",
								"recent",
								"hours",
								"24"
							]
						},
						"description": "Returns recent events for the specified pool and hours. A maximum of 24 hours can specified. The events are returned with the newest events first to the oldest events last.\n\nEvents can be filtered by specifying a `code` parameter in the request, for example:\n\n`?code=PANIC;SPEEDING`\n\n`The above will return results for PANIC and SPEEDING events.`"
					},
					"response": [
						{
							"name": "Get Recent Event History",
							"originalRequest": {
								"method": "GET",
								"header": [],
								"url": {
									"raw": "{{http}}://{{domain}}/api/v1/history/events/pools/{{pool_id}}/recent/hours/24",
									"protocol": "{{http}}",
									"host": [
										"{{domain}}"
									],
									"path": [
										"api",
										"v1",
										"history",
										"events",
										"pools",
										"{{pool_id}}",
										"recent",
										"hours",
										"24"
									]
								}
							},
							"status": "OK",
							"code": 200,
							"_postman_previewlanguage": "json",
							"header": [
								{
									"key": "Server",
									"value": "nginx/1.15.8"
								},
								{
									"key": "Content-Type",
									"value": "application/json; charset=utf-8"
								},
								{
									"key": "Transfer-Encoding",
									"value": "chunked"
								},
								{
									"key": "Connection",
									"value": "keep-alive"
								},
								{
									"key": "Cache-Control",
									"value": "no-cache, private"
								},
								{
									"key": "Date",
									"value": "Tue, 26 Apr 2022 08:32:53 GMT"
								},
								{
									"key": "Content-Encoding",
									"value": "gzip"
								},
								{
									"key": "Access-Control-Allow-Origin",
									"value": "*"
								},
								{
									"key": "Access-Control-Allow-Methods",
									"value": "POST, GET, OPTIONS, PUT, DELETE"
								},
								{
									"key": "Access-Control-Allow-Credentials",
									"value": "true"
								},
								{
									"key": "Access-Control-Max-Age",
									"value": "86400"
								},
								{
									"key": "Access-Control-Allow-Headers",
									"value": "Content-Type, Authorization, X-Requested-With"
								}
							],
							"cookie": [],
							"body": "{\n    \"data\": [\n        {\n            \"stored_time\": \"2022-04-25T03:56:04+00:00\",\n            \"message_ver\": 1,\n            \"message_type\": \"event\",\n            \"app_id\": \"\",\n            \"timestamp\": \"2022-04-25T05:56:02+02:00\",\n            \"timezone\": \"Africa/Johannesburg\",\n            \"gateway_time\": \"2022-04-25T03:56:04+00:00\",\n            \"code\": \"TOWING:END\",\n            \"message\": \"Towing Ended\",\n            \"source\": {\n                \"key\": \"vehicle_reg_no\",\n                \"label\": \"Vehicle Reg No.\",\n                \"value\": \"ABC 123 GP\",\n                \"url\": \"/#/vehicles/16/view\"\n            },\n            \"location\": {\n                \"latitude\": -23.68737,\n                \"longitude\": 27.753302,\n                \"address\": null\n            },\n            \"importance\": \"medium\",\n            \"alert_level\": null,\n            \"color\": \"#1E88E5\",\n            \"sound_id\": null,\n            \"state\": null,\n            \"ticket\": false,\n            \"device\": {\n                \"identifier\": \"imei\",\n                \"imei\": \"351234567890123\",\n                \"serial_no\": \"1000284456\",\n                \"cell_no\": null,\n                \"name\": null,\n                \"firm_ver\": null,\n                \"type\": \"teltonika\",\n                \"model\": \"fmb920\",\n                \"url\": \"/#/units/1/view\"\n            },\n            \"data\": [\n                {\n                    \"key\": \"vehicle_fleet_no\",\n                    \"label\": \"Vehicle Fleet No.\",\n                    \"value\": \"03\",\n                    \"url\": null\n                }\n            ],\n            \"pools\": [\n                1\n            ]\n        },\n        {\n            \"message_ver\": 1,\n            \"message_type\": \"event\",\n            \"app_id\": \"\",\n            \"timestamp\": \"2022-04-25T05:56:01+02:00\",\n            \"timezone\": \"Africa/Johannesburg\",\n            \"gateway_time\": \"2022-04-25T03:56:04+00:00\",\n            \"stored_time\": \"2022-04-25T03:56:04+00:00\",\n            \"code\": \"CIGAR_LIGHTER:PLUGGED_OUT\",\n            \"message\": \"Towing Ended\",\n            \"source\": {\n                \"key\": \"vehicle_reg_no\",\n                \"label\": \"Vehicle Reg No.\",\n                \"value\": \"ABC 123 GP\",\n                \"url\": \"/#/vehicles/16/view\"\n            },\n            \"location\": {\n                \"latitude\": -23.68737,\n                \"longitude\": 27.753302,\n                \"address\": null\n            },\n            \"importance\": \"medium\",\n            \"alert_level\": null,\n            \"color\": \"#1E88E5\",\n            \"sound_id\": null,\n            \"state\": null,\n            \"ticket\": false,\n            \"device\": {\n                \"identifier\": \"imei\",\n                \"imei\": \"351234567890123\",\n                \"serial_no\": \"1000284456\",\n                \"cell_no\": null,\n                \"name\": null,\n                \"firm_ver\": null,\n                \"type\": \"teltonika\",\n                \"model\": \"fmb920\",\n                \"url\": \"/#/units/1/view\"\n            },\n            \"data\": [\n                {\n                    \"key\": \"vehicle_fleet_no\",\n                    \"label\": \"Vehicle Fleet No.\",\n                    \"value\": \"03\",\n                    \"url\": null\n                }\n            ],\n            \"pools\": [\n                1\n            ]\n        }\n    ]\n}"
						}
					]
				},
				{
					"name": "Get Recent Event Counts",
					"request": {
						"method": "GET",
						"header": [],
						"url": {
							"raw": "{{http}}://{{domain}}/api/v1/history/events/pools/{{pool_id}}/totals/hours/24",
							"protocol": "{{http}}",
							"host": [
								"{{domain}}"
							],
							"path": [
								"api",
								"v1",
								"history",
								"events",
								"pools",
								"{{pool_id}}",
								"totals",
								"hours",
								"24"
							]
						},
						"description": "Returns event counts for each event code for the specified pool and hours.\n\nEvents can be filtered by specifying a `code` parameter in the request, for example:\n\n`?code=PANIC;SPEEDING`\n\n`The above will return results for PANIC and SPEEDING events.`"
					},
					"response": [
						{
							"name": "Get Recent Event Counts",
							"originalRequest": {
								"method": "GET",
								"header": [],
								"url": {
									"raw": "{{http}}://{{domain}}/api/v1/history/events/pools/{{pool_id}}/totals/hours/24",
									"protocol": "{{http}}",
									"host": [
										"{{domain}}"
									],
									"path": [
										"api",
										"v1",
										"history",
										"events",
										"pools",
										"{{pool_id}}",
										"totals",
										"hours",
										"24"
									]
								}
							},
							"status": "OK",
							"code": 200,
							"_postman_previewlanguage": "json",
							"header": [
								{
									"key": "Server",
									"value": "nginx/1.15.8"
								},
								{
									"key": "Content-Type",
									"value": "application/json; charset=utf-8"
								},
								{
									"key": "Transfer-Encoding",
									"value": "chunked"
								},
								{
									"key": "Connection",
									"value": "keep-alive"
								},
								{
									"key": "Cache-Control",
									"value": "no-cache, private"
								},
								{
									"key": "Date",
									"value": "Tue, 26 Apr 2022 08:33:43 GMT"
								},
								{
									"key": "Content-Encoding",
									"value": "gzip"
								},
								{
									"key": "Access-Control-Allow-Origin",
									"value": "*"
								},
								{
									"key": "Access-Control-Allow-Methods",
									"value": "POST, GET, OPTIONS, PUT, DELETE"
								},
								{
									"key": "Access-Control-Allow-Credentials",
									"value": "true"
								},
								{
									"key": "Access-Control-Max-Age",
									"value": "86400"
								},
								{
									"key": "Access-Control-Allow-Headers",
									"value": "Content-Type, Authorization, X-Requested-With"
								}
							],
							"cookie": [],
							"body": "{\n    \"data\": [\n        {\n            \"code\": \"CIGAR_LIGHTER:PLUGGED_OUT\",\n            \"counter\": 1,\n            \"color\": \"#1E88E5\"\n        },\n        {\n            \"code\": \"TOWING:END\",\n            \"counter\": 896,\n            \"color\": \"#1E88E5\"\n        }\n    ]\n}"
						}
					]
				}
			]
		},
		{
			"name": "Event Summaries",
			"item": [
				{
					"name": "Get Vehicle Event Counts Over Period",
					"protocolProfileBehavior": {
						"disableBodyPruning": true
					},
					"request": {
						"method": "GET",
						"header": [],
						"body": {
							"mode": "raw",
							"raw": "",
							"options": {
								"raw": {
									"language": "json"
								}
							}
						},
						"url": {
							"raw": "{{http}}://{{domain}}/api/v1/history/summary/events/pools/{{pool_id}}/vehicles/period/from/{{from_date}}/time/{{from_time}}/to/{{to_date}}/time/{{to_time}}",
							"protocol": "{{http}}",
							"host": [
								"{{domain}}"
							],
							"path": [
								"api",
								"v1",
								"history",
								"summary",
								"events",
								"pools",
								"{{pool_id}}",
								"vehicles",
								"period",
								"from",
								"{{from_date}}",
								"time",
								"{{from_time}}",
								"to",
								"{{to_date}}",
								"time",
								"{{to_time}}"
							]
						},
						"description": "Requests a summary of events over the provided period for vehicles.\n\nEvents can be filtered by specifying a `code` parameter in the request, for example:\n\n`?code=PANIC;SPEEDING`\n\n`The above will return results for PANIC and SPEEDING events.`"
					},
					"response": [
						{
							"name": "Get Vehicle Event Counts Over Period",
							"originalRequest": {
								"method": "GET",
								"header": [],
								"body": {
									"mode": "raw",
									"raw": "",
									"options": {
										"raw": {
											"language": "json"
										}
									}
								},
								"url": {
									"raw": "{{http}}://{{domain}}/api/v1/history/summary/events/pools/{{pool_id}}/vehicles/period/from/{{from_date}}/time/{{from_time}}/to/{{to_date}}/time/{{to_time}}",
									"protocol": "{{http}}",
									"host": [
										"{{domain}}"
									],
									"path": [
										"api",
										"v1",
										"history",
										"summary",
										"events",
										"pools",
										"{{pool_id}}",
										"vehicles",
										"period",
										"from",
										"{{from_date}}",
										"time",
										"{{from_time}}",
										"to",
										"{{to_date}}",
										"time",
										"{{to_time}}"
									]
								}
							},
							"status": "OK",
							"code": 200,
							"_postman_previewlanguage": "json",
							"header": [
								{
									"key": "Server",
									"value": "nginx/1.15.8"
								},
								{
									"key": "Content-Type",
									"value": "application/json; charset=utf-8"
								},
								{
									"key": "Transfer-Encoding",
									"value": "chunked"
								},
								{
									"key": "Connection",
									"value": "keep-alive"
								},
								{
									"key": "Set-Cookie",
									"value": "XDEBUG_SESSION=PHPSTORM; expires=Tue, 26-Apr-2022 09:22:45 GMT; Max-Age=3600; path=/; SameSite=Strict"
								},
								{
									"key": "Cache-Control",
									"value": "no-cache, private"
								},
								{
									"key": "Date",
									"value": "Tue, 26 Apr 2022 08:22:45 GMT"
								},
								{
									"key": "Content-Encoding",
									"value": "gzip"
								},
								{
									"key": "Access-Control-Allow-Origin",
									"value": "*"
								},
								{
									"key": "Access-Control-Allow-Methods",
									"value": "POST, GET, OPTIONS, PUT, DELETE"
								},
								{
									"key": "Access-Control-Allow-Credentials",
									"value": "true"
								},
								{
									"key": "Access-Control-Max-Age",
									"value": "86400"
								},
								{
									"key": "Access-Control-Allow-Headers",
									"value": "Content-Type, Authorization, X-Requested-With"
								}
							],
							"cookie": [],
							"body": "{\n    \"data\": [\n        {\n            \"vehicle_id\": 1,\n            \"vehicle_reg_no\": \"ABC 123 GP\",\n            \"vehicle_fleet_no\": \"03\",\n            \"code\": \"CIGAR_LIGHTER:PLUGGED_OUT\",\n            \"count\": 1\n        },\n        {\n            \"vehicle_id\": 1,\n            \"vehicle_reg_no\": \"ABC 123 GP\",\n            \"vehicle_fleet_no\": \"03\",\n            \"code\": \"TOWING:END\",\n            \"count\": 896\n        }\n    ]\n}"
						}
					]
				},
				{
					"name": "Get Unit Event Counts Over Period",
					"protocolProfileBehavior": {
						"disableBodyPruning": true
					},
					"request": {
						"method": "GET",
						"header": [],
						"body": {
							"mode": "raw",
							"raw": "",
							"options": {
								"raw": {
									"language": "json"
								}
							}
						},
						"url": {
							"raw": "{{http}}://{{domain}}/api/v1/history/summary/events/pools/{{pool_id}}/units/period/from/{{from_date}}/time/{{from_time}}/to/{{to_date}}/time/{{to_time}}",
							"protocol": "{{http}}",
							"host": [
								"{{domain}}"
							],
							"path": [
								"api",
								"v1",
								"history",
								"summary",
								"events",
								"pools",
								"{{pool_id}}",
								"units",
								"period",
								"from",
								"{{from_date}}",
								"time",
								"{{from_time}}",
								"to",
								"{{to_date}}",
								"time",
								"{{to_time}}"
							]
						},
						"description": "Requests a summary of events over the provided period for units.\n\nEvents can be filtered by specifying a `code` parameter in the request, for example:\n\n`?code=PANIC;SPEEDING`\n\n`The above will return results for PANIC and SPEEDING events.`"
					},
					"response": [
						{
							"name": "Get Unit Event Counts Over Period",
							"originalRequest": {
								"method": "GET",
								"header": [],
								"body": {
									"mode": "raw",
									"raw": "",
									"options": {
										"raw": {
											"language": "json"
										}
									}
								},
								"url": {
									"raw": "{{http}}://{{domain}}/api/v1/history/summary/events/pools/{{pool_id}}/units/period/from/{{from_date}}/time/{{from_time}}/to/{{to_date}}/time/{{to_time}}",
									"protocol": "{{http}}",
									"host": [
										"{{domain}}"
									],
									"path": [
										"api",
										"v1",
										"history",
										"summary",
										"events",
										"pools",
										"{{pool_id}}",
										"units",
										"period",
										"from",
										"{{from_date}}",
										"time",
										"{{from_time}}",
										"to",
										"{{to_date}}",
										"time",
										"{{to_time}}"
									]
								}
							},
							"status": "OK",
							"code": 200,
							"_postman_previewlanguage": "json",
							"header": [
								{
									"key": "Server",
									"value": "nginx/1.15.8"
								},
								{
									"key": "Content-Type",
									"value": "application/json; charset=utf-8"
								},
								{
									"key": "Transfer-Encoding",
									"value": "chunked"
								},
								{
									"key": "Connection",
									"value": "keep-alive"
								},
								{
									"key": "Cache-Control",
									"value": "no-cache, private"
								},
								{
									"key": "Date",
									"value": "Tue, 26 Apr 2022 08:26:10 GMT"
								},
								{
									"key": "Content-Encoding",
									"value": "gzip"
								},
								{
									"key": "Access-Control-Allow-Origin",
									"value": "*"
								},
								{
									"key": "Access-Control-Allow-Methods",
									"value": "POST, GET, OPTIONS, PUT, DELETE"
								},
								{
									"key": "Access-Control-Allow-Credentials",
									"value": "true"
								},
								{
									"key": "Access-Control-Max-Age",
									"value": "86400"
								},
								{
									"key": "Access-Control-Allow-Headers",
									"value": "Content-Type, Authorization, X-Requested-With"
								}
							],
							"cookie": [],
							"body": "{\n    \"data\": [\n        {\n            \"unit_id\": 1,\n            \"unit_imei\": \"351234567890123\",\n            \"unit_serial_no\": \"1000284456\",\n            \"unit_cell_no\": null,\n            \"unit_name\": null,\n            \"unit_type\": \"teltonika\",\n            \"unit_model\": \"fmb920\",\n            \"code\": \"CIGAR_LIGHTER:PLUGGED_OUT\",\n            \"count\": 1\n        },\n        {\n            \"unit_id\": 1,\n            \"unit_imei\": \"351234567890123\",\n            \"unit_serial_no\": \"1000284456\",\n            \"unit_cell_no\": null,\n            \"unit_name\": null,\n            \"unit_type\": \"teltonika\",\n            \"unit_model\": \"fmb920\",\n            \"code\": \"TOWING:END\",\n            \"count\": 896\n        }\n    ]\n}"
						}
					]
				},
				{
					"name": "Get Unit Type Event Counts Over Period",
					"protocolProfileBehavior": {
						"disableBodyPruning": true
					},
					"request": {
						"method": "GET",
						"header": [],
						"body": {
							"mode": "raw",
							"raw": "",
							"options": {
								"raw": {
									"language": "json"
								}
							}
						},
						"url": {
							"raw": "{{http}}://{{domain}}/api/v1/history/summary/events/pools/{{pool_id}}/unit-types/period/from/{{from_date}}/time/{{from_time}}/to/{{to_date}}/time/{{to_time}}",
							"protocol": "{{http}}",
							"host": [
								"{{domain}}"
							],
							"path": [
								"api",
								"v1",
								"history",
								"summary",
								"events",
								"pools",
								"{{pool_id}}",
								"unit-types",
								"period",
								"from",
								"{{from_date}}",
								"time",
								"{{from_time}}",
								"to",
								"{{to_date}}",
								"time",
								"{{to_time}}"
							]
						},
						"description": "Requests a summary of events over the provided period for the various unit types.\n\nEvents can be filtered by specifying a `code` parameter in the request, for example:\n\n`?code=PANIC;SPEEDING`\n\n`The above will return results for PANIC and SPEEDING events.`"
					},
					"response": [
						{
							"name": "Get Unit Type Event Counts Over Period",
							"originalRequest": {
								"method": "GET",
								"header": [],
								"body": {
									"mode": "raw",
									"raw": "",
									"options": {
										"raw": {
											"language": "json"
										}
									}
								},
								"url": {
									"raw": "{{http}}://{{domain}}/api/v1/history/summary/events/pools/{{pool_id}}/unit-types/period/from/{{from_date}}/time/{{from_time}}/to/{{to_date}}/time/{{to_time}}",
									"protocol": "{{http}}",
									"host": [
										"{{domain}}"
									],
									"path": [
										"api",
										"v1",
										"history",
										"summary",
										"events",
										"pools",
										"{{pool_id}}",
										"unit-types",
										"period",
										"from",
										"{{from_date}}",
										"time",
										"{{from_time}}",
										"to",
										"{{to_date}}",
										"time",
										"{{to_time}}"
									]
								}
							},
							"status": "OK",
							"code": 200,
							"_postman_previewlanguage": "json",
							"header": [
								{
									"key": "Server",
									"value": "nginx/1.15.8"
								},
								{
									"key": "Content-Type",
									"value": "application/json; charset=utf-8"
								},
								{
									"key": "Transfer-Encoding",
									"value": "chunked"
								},
								{
									"key": "Connection",
									"value": "keep-alive"
								},
								{
									"key": "Cache-Control",
									"value": "no-cache, private"
								},
								{
									"key": "Date",
									"value": "Tue, 26 Apr 2022 08:27:11 GMT"
								},
								{
									"key": "Content-Encoding",
									"value": "gzip"
								},
								{
									"key": "Access-Control-Allow-Origin",
									"value": "*"
								},
								{
									"key": "Access-Control-Allow-Methods",
									"value": "POST, GET, OPTIONS, PUT, DELETE"
								},
								{
									"key": "Access-Control-Allow-Credentials",
									"value": "true"
								},
								{
									"key": "Access-Control-Max-Age",
									"value": "86400"
								},
								{
									"key": "Access-Control-Allow-Headers",
									"value": "Content-Type, Authorization, X-Requested-With"
								}
							],
							"cookie": [],
							"body": "{\n    \"data\": [\n        {\n            \"unit_type\": \"teltonika\",\n            \"unit_model\": \"fmb920\",\n            \"code\": \"CIGAR_LIGHTER:PLUGGED_OUT\",\n            \"count\": 1\n        },\n        {\n            \"unit_type\": \"teltonika\",\n            \"unit_model\": \"fmb920\",\n            \"code\": \"TOWING:END\",\n            \"count\": 896\n        }\n    ]\n}"
						}
					]
				},
				{
					"name": "Get Unit Model Event Counts Over Period",
					"protocolProfileBehavior": {
						"disableBodyPruning": true
					},
					"request": {
						"method": "GET",
						"header": [],
						"body": {
							"mode": "raw",
							"raw": "",
							"options": {
								"raw": {
									"language": "json"
								}
							}
						},
						"url": {
							"raw": "{{http}}://{{domain}}/api/v1/history/summary/events/pools/{{pool_id}}/unit-models/period/from/{{from_date}}/time/{{from_time}}/to/{{to_date}}/time/{{to_time}}",
							"protocol": "{{http}}",
							"host": [
								"{{domain}}"
							],
							"path": [
								"api",
								"v1",
								"history",
								"summary",
								"events",
								"pools",
								"{{pool_id}}",
								"unit-models",
								"period",
								"from",
								"{{from_date}}",
								"time",
								"{{from_time}}",
								"to",
								"{{to_date}}",
								"time",
								"{{to_time}}"
							]
						},
						"description": "Requests a summary of events over the provided period for the various unit models.\n\nEvents can be filtered by specifying a `code` parameter in the request, for example:\n\n`?code=PANIC;SPEEDING`\n\n`The above will return results for PANIC and SPEEDING events.`"
					},
					"response": [
						{
							"name": "Get Unit Model Event Counts Over Period",
							"originalRequest": {
								"method": "GET",
								"header": [],
								"body": {
									"mode": "raw",
									"raw": "",
									"options": {
										"raw": {
											"language": "json"
										}
									}
								},
								"url": {
									"raw": "{{http}}://{{domain}}/api/v1/history/summary/events/pools/{{pool_id}}/unit-models/period/from/{{from_date}}/time/{{from_time}}/to/{{to_date}}/time/{{to_time}}",
									"protocol": "{{http}}",
									"host": [
										"{{domain}}"
									],
									"path": [
										"api",
										"v1",
										"history",
										"summary",
										"events",
										"pools",
										"{{pool_id}}",
										"unit-models",
										"period",
										"from",
										"{{from_date}}",
										"time",
										"{{from_time}}",
										"to",
										"{{to_date}}",
										"time",
										"{{to_time}}"
									]
								}
							},
							"status": "OK",
							"code": 200,
							"_postman_previewlanguage": "json",
							"header": [
								{
									"key": "Server",
									"value": "nginx/1.15.8"
								},
								{
									"key": "Content-Type",
									"value": "application/json; charset=utf-8"
								},
								{
									"key": "Transfer-Encoding",
									"value": "chunked"
								},
								{
									"key": "Connection",
									"value": "keep-alive"
								},
								{
									"key": "Cache-Control",
									"value": "no-cache, private"
								},
								{
									"key": "Date",
									"value": "Tue, 26 Apr 2022 08:27:20 GMT"
								},
								{
									"key": "Content-Encoding",
									"value": "gzip"
								},
								{
									"key": "Access-Control-Allow-Origin",
									"value": "*"
								},
								{
									"key": "Access-Control-Allow-Methods",
									"value": "POST, GET, OPTIONS, PUT, DELETE"
								},
								{
									"key": "Access-Control-Allow-Credentials",
									"value": "true"
								},
								{
									"key": "Access-Control-Max-Age",
									"value": "86400"
								},
								{
									"key": "Access-Control-Allow-Headers",
									"value": "Content-Type, Authorization, X-Requested-With"
								}
							],
							"cookie": [],
							"body": "{\n    \"data\": [\n        {\n            \"unit_model\": \"fmb920\",\n            \"unit_type\": \"teltonika\",\n            \"code\": \"CIGAR_LIGHTER:PLUGGED_OUT\",\n            \"count\": 1\n        },\n        {\n            \"unit_model\": \"fmb920\",\n            \"unit_type\": \"teltonika\",\n            \"code\": \"TOWING:END\",\n            \"count\": 896\n        }\n    ]\n}"
						}
					]
				},
				{
					"name": "Get Driver Event Counts Over Period",
					"protocolProfileBehavior": {
						"disableBodyPruning": true
					},
					"request": {
						"method": "GET",
						"header": [],
						"body": {
							"mode": "raw",
							"raw": "",
							"options": {
								"raw": {
									"language": "json"
								}
							}
						},
						"url": {
							"raw": "{{http}}://{{domain}}/api/v1/history/summary/events/pools/{{pool_id}}/drivers/period/from/{{from_date}}/time/{{from_time}}/to/{{to_date}}/time/{{to_time}}",
							"protocol": "{{http}}",
							"host": [
								"{{domain}}"
							],
							"path": [
								"api",
								"v1",
								"history",
								"summary",
								"events",
								"pools",
								"{{pool_id}}",
								"drivers",
								"period",
								"from",
								"{{from_date}}",
								"time",
								"{{from_time}}",
								"to",
								"{{to_date}}",
								"time",
								"{{to_time}}"
							]
						},
						"description": "Requests a summary of events over the provided period for drivers.\n\nEvents can be filtered by specifying a `code` parameter in the request, for example:\n\n`?code=PANIC;SPEEDING`\n\n`The above will return results for PANIC and SPEEDING events.`"
					},
					"response": [
						{
							"name": "Get Driver Event Counts Over Period",
							"originalRequest": {
								"method": "GET",
								"header": [],
								"body": {
									"mode": "raw",
									"raw": "",
									"options": {
										"raw": {
											"language": "json"
										}
									}
								},
								"url": {
									"raw": "{{http}}://{{domain}}/api/v1/history/summary/events/pools/{{pool_id}}/drivers/period/from/{{from_date}}/time/{{from_time}}/to/{{to_date}}/time/{{to_time}}",
									"protocol": "{{http}}",
									"host": [
										"{{domain}}"
									],
									"path": [
										"api",
										"v1",
										"history",
										"summary",
										"events",
										"pools",
										"{{pool_id}}",
										"drivers",
										"period",
										"from",
										"{{from_date}}",
										"time",
										"{{from_time}}",
										"to",
										"{{to_date}}",
										"time",
										"{{to_time}}"
									]
								}
							},
							"status": "OK",
							"code": 200,
							"_postman_previewlanguage": "json",
							"header": [
								{
									"key": "Server",
									"value": "nginx/1.15.8"
								},
								{
									"key": "Content-Type",
									"value": "application/json; charset=utf-8"
								},
								{
									"key": "Transfer-Encoding",
									"value": "chunked"
								},
								{
									"key": "Connection",
									"value": "keep-alive"
								},
								{
									"key": "Cache-Control",
									"value": "no-cache, private"
								},
								{
									"key": "Date",
									"value": "Tue, 26 Apr 2022 08:27:43 GMT"
								},
								{
									"key": "Content-Encoding",
									"value": "gzip"
								},
								{
									"key": "Access-Control-Allow-Origin",
									"value": "*"
								},
								{
									"key": "Access-Control-Allow-Methods",
									"value": "POST, GET, OPTIONS, PUT, DELETE"
								},
								{
									"key": "Access-Control-Allow-Credentials",
									"value": "true"
								},
								{
									"key": "Access-Control-Max-Age",
									"value": "86400"
								},
								{
									"key": "Access-Control-Allow-Headers",
									"value": "Content-Type, Authorization, X-Requested-With"
								}
							],
							"cookie": [],
							"body": "{\n    \"data\": [\n        {\n            \"driver_id\": 1,\n            \"driver_name\": \"James\",\n            \"driver_tag_no\": \"123456\",\n            \"code\": \"CIGAR_LIGHTER:PLUGGED_OUT\",\n            \"count\": 1\n        },\n        {\n            \"driver_id\": 1,\n            \"driver_name\": \"James\",\n            \"driver_tag_no\": \"123456\",\n            \"code\": \"TOWING:END\",\n            \"count\": 896\n        },\n        {\n            \"driver_id\": 0,\n            \"driver_name\": null,\n            \"driver_tag_no\": null,\n            \"code\": \"TOWING:END\",\n            \"count\": 45\n        }\n    ]\n}"
						}
					]
				},
				{
					"name": "Get Total Event Counts Over Period",
					"request": {
						"method": "GET",
						"header": [],
						"url": {
							"raw": "{{http}}://{{domain}}/api/v1/history/totals/events/pools/{{pool_id}}/period/from/{{from_date}}/time/{{from_time}}/to/{{to_date}}/time/{{to_time}}",
							"protocol": "{{http}}",
							"host": [
								"{{domain}}"
							],
							"path": [
								"api",
								"v1",
								"history",
								"totals",
								"events",
								"pools",
								"{{pool_id}}",
								"period",
								"from",
								"{{from_date}}",
								"time",
								"{{from_time}}",
								"to",
								"{{to_date}}",
								"time",
								"{{to_time}}"
							]
						},
						"description": "Requests a total count for events over the provided period.\n\nEvents can be filtered by specifying a `code` parameter in the request, for example:\n\n`?code=PANIC;SPEEDING`\n\n`The above will return results for PANIC and SPEEDING events.`"
					},
					"response": [
						{
							"name": "Get Total Event Counts Over Period",
							"originalRequest": {
								"method": "GET",
								"header": [],
								"url": {
									"raw": "{{http}}://{{domain}}/api/v1/history/totals/events/pools/{{pool_id}}/period/from/{{from_date}}/time/{{from_time}}/to/{{to_date}}/time/{{to_time}}",
									"protocol": "{{http}}",
									"host": [
										"{{domain}}"
									],
									"path": [
										"api",
										"v1",
										"history",
										"totals",
										"events",
										"pools",
										"{{pool_id}}",
										"period",
										"from",
										"{{from_date}}",
										"time",
										"{{from_time}}",
										"to",
										"{{to_date}}",
										"time",
										"{{to_time}}"
									]
								}
							},
							"status": "OK",
							"code": 200,
							"_postman_previewlanguage": "json",
							"header": [
								{
									"key": "Server",
									"value": "nginx/1.15.8"
								},
								{
									"key": "Content-Type",
									"value": "application/json; charset=utf-8"
								},
								{
									"key": "Transfer-Encoding",
									"value": "chunked"
								},
								{
									"key": "Connection",
									"value": "keep-alive"
								},
								{
									"key": "Cache-Control",
									"value": "no-cache, private"
								},
								{
									"key": "Date",
									"value": "Tue, 26 Apr 2022 08:30:00 GMT"
								},
								{
									"key": "Content-Encoding",
									"value": "gzip"
								},
								{
									"key": "Access-Control-Allow-Origin",
									"value": "*"
								},
								{
									"key": "Access-Control-Allow-Methods",
									"value": "POST, GET, OPTIONS, PUT, DELETE"
								},
								{
									"key": "Access-Control-Allow-Credentials",
									"value": "true"
								},
								{
									"key": "Access-Control-Max-Age",
									"value": "86400"
								},
								{
									"key": "Access-Control-Allow-Headers",
									"value": "Content-Type, Authorization, X-Requested-With"
								}
							],
							"cookie": [],
							"body": "{\n    \"data\": [\n        {\n            \"code\": \"CIGAR_LIGHTER:PLUGGED_OUT\",\n            \"count\": 1\n        },\n        {\n            \"code\": \"TOWING:END\",\n            \"count\": 896\n        }\n    ]\n}"
						}
					]
				}
			]
		},
		{
			"name": "Vehicle Expenses",
			"item": [
				{
					"name": "Get Vehicle Expenses",
					"request": {
						"method": "GET",
						"header": [],
						"url": {
							"raw": "{{http}}://{{domain}}/api/v1/history/vehicles/expenses/by-client/{{client_id}}/from/{{from_date}}/to/{{to_date}}",
							"protocol": "{{http}}",
							"host": [
								"{{domain}}"
							],
							"path": [
								"api",
								"v1",
								"history",
								"vehicles",
								"expenses",
								"by-client",
								"{{client_id}}",
								"from",
								"{{from_date}}",
								"to",
								"{{to_date}}"
							]
						}
					},
					"response": []
				}
			]
		}
	],
	"auth": {
		"type": "bearer",
		"bearer": [
			{
				"key": "token",
				"value": "{{bearer}}",
				"type": "string"
			}
		]
	},
	"event": [
		{
			"listen": "prerequest",
			"script": {
				"type": "text/javascript",
				"exec": [
					""
				]
			}
		},
		{
			"listen": "test",
			"script": {
				"type": "text/javascript",
				"exec": [
					""
				]
			}
		}
	],
	"variable": [
		{
			"key": "http",
			"value": "https"
		},
		{
			"key": "domain",
			"value": "www.acmdestiny.net"
		},
		{
			"key": "username",
			"value": "don.admin"
		},
		{
			"key": "password",
			"value": "CompL#t1on"
		},
		{
			"key": "bearer",
			"value": ""
		},
		{
			"key": "vehicle_id",
			"value": "33"
		},
		{
			"key": "unit_id",
			"value": "39"
		},
		{
			"key": "date",
			"value": "2020-02-07"
		},
		{
			"key": "from",
			"value": "00:00:00"
		},
		{
			"key": "to",
			"value": "23:59:59"
		},
		{
			"key": "from_date",
			"value": ""
		},
		{
			"key": "to_date",
			"value": ""
		},
		{
			"key": "client_id",
			"value": ""
		},
		{
			"key": "period",
			"value": ""
		}
	]
}